#,Letter,Old name1,Old name2,Name,Opened as a service station,Opened,Electrified,Electrified 550 V,Electrified 6000 V,Deelectrified 6000 V,Electrified 15 kV,Officially completed,Closed for S-Bahn trains,Closed,Deelectrified,Reopened,Reopened for S-Bahn trains,Reopened for regional trains,Reelectrified,Bahn1,Bahn2,Bahn3,Abbreviations1 (old),Abbreviations2 (old),Abbreviations,Latitude,Longitude
1,A,Bude 10 Adlershof,,Adlershof,,1872-01-01,1928-11-06,,,,,,,,,,,,,Görlitzer Bahn,,,Adl,,BADL,52.43515,13.54108
2,A,,,Ahrensfelde,,1898-05-01,1982-12-30,,,,,,,,,,,,,Wriezener Bahn,,,Ahr,,BAF,52.57148,13.56608
3,A,,,Albrechtshof,,1943-04-01,1951-08-14,,,,,,1961-10-09,1993-05-23,,,,1995-05-28,,Hamburger Bahn,,,As,,BAS,52.54955,13.12852
4,A,,,Alexanderplatz,,1882-02-07,1928-06-11,,,,,,,,,,,,,Stadtbahn,,,Ale,,BALX,52.52046,13.41450
5,A,Reinickendorf (Dorf),,Alt-Reinickendorf,,1893-10-01,1927-03-16,,,,,,,1984-01-09,,1995-05-28,,,,Kremmener Bahn,,,Rkd,,BARF,52.57792,13.35001
6,A,,,Altglienicke,1940-01-01,1948-07-26,1962-02-26,,,,,,,,,,,,,Flughafen-S-Bahn,,,Agl,Al,BAGL,52.40779,13.55941
7,A,,,Anhalter Bahnhof,,1939-10-09,1939-10-09,,,,,,,1945-04-01,,1946-06-02,,,,Nordsüd-S-Bahntunnel,,,Ahu,,BAHU,52.50464,13.38198
8,A,Mariendorf,,Attilastraße,,1895-02-15,1939-02-15,,,,,,,,,,,,,Dresdener Bahn,,,Ats,Ad,BATS,52.44738,13.36122
9,B,Nowawes,,Babelsberg,,1862-01-01,1928-06-11,,,,,,,1961-10-09,,1992-04-01,,,,Berlin-Potsdamer Eisenbahn,,,Bab,Bbg,BBAB,52.39154,13.09286
10,B,,,Baumschulenweg,,1890-05-20,1928-11-06,,,,,,,,,,,,,Görlitzer Bahn,,,Bsw,Bw,BBMW,52.46779,13.48976
11,B,,,Bellevue,,1882-02-07,1928-06-11,,,,,,,1994-10-30,,1996-11-11,,,,Stadtbahn,,,Bel,Bell,BBEV,52.52011,13.34792
12,B,,,Bergfelde,,1962-05-27,1962-05-27,,,,,,,,,,,,,Außenring,,,Bgf,,BBFE,52.66999,13.32131
13,B,Hauptbahnhof - Lehrter Bahnhof,,Berlin Hbf,,2002-05-26,2002-07-04,,,,,2006-05-26,,,,,,,,Stadtbahn,,,,,BHBF,52.52523,13.36938
14,B,,,Bernau,,1842-08-01,1924-08-08,,,,,,,,,,,,,Stettiner Bahn,,,Brn,,BBER,52.67626,13.59291
15,B,,,Bernau - Friedenstal,,1997-09-30,1997-09-30,,,,,,,,,,,,,Stettiner Bahn,,,,,BBRF,52.66854,13.56455
16,B,,,Betriebsbahnhof Rummelsburg,1902-03-01,1902-03-01,1928-06-11,,,,,,,1945-04-01,,1948-01-05,,,,Schlesischen Bahn,,,Rgv,,BRB,52.49384,13.49820
17,B,Nieder-Schöneweide,,Betriebsbahnhof Schöneweide,1927-11-17,1927-11-17,1928-11-06,,,,,,,,,,,,,Görlitzer Bahn,,,Swb,,BSCF,52.44681,13.52405
18,B,,,Beusselstraße,,1894-05-01,1929-02-01,,,,,,,1980-09-18,,1999-12-19,,,,Ringbahn,,,Beu,BeuS,BBEU,52.53445,13.32868
19,B,,,Biesdorf,,1885-08-01,1926-11-06,,,,,,,,,,,,,Ostbahn,,,Bsf,,BBDF,52.51336,13.55481
20,B,,,Birkenstein,,1992-12-21,1992-12-21,,,,,,,,,,,,,Ostbahn,,,,,BBIS,52.51689,13.64779
21,B,,,Birkenwerder,,1877-07-10,1925-06-05,,,,1983-10-01,,,,,,,,,Nordbahn,,,Bi,,BBIW,52.68783,13.28844
22,B,,,Blankenburg,,1877-06-01,1924-08-08,,,,,,,,,,,,,Stettiner Bahn,,,Bkb,,BBLB,52.59105,13.44303
23,B,,,Blankenfelde,,1950-10-08,1950-10-08,,,,,,,,1961-09-01,,,,1992-08-31,Dresdener Bahn,,,Bf,,BBFD,52.33701,13.41614
24,B,,,Borgsdorf,,1877-09-01,1925-10-04,,,,,,,,,,,,,Nordbahn,,,Bor,,BBOR,52.71479,13.27691
25,B,,,Bornholmer Straße,,1935-10-01,1935-10-01,,,,,,,1961-08-13,,1990-12-22,,,,Stettiner Bahn,,,Bos,,BBOS,52.55508,13.39625
26,B,,,Botanischer Garten,,1905-05-01,1933-05-05,,,,,,,1980-09-18,,1985-02-01,,,,Wannseebahn,,,Bgt,,BBGT,52.44803,13.30724
27,B,Unter den Linden,,Brandenburger Tor,,1936-07-27,1936-07-27,,,,,,,1961-08-13,,1990-09-01,,,,Nordsüd-S-Bahntunnel,,,BUDL,Ulu,BTOR,52.51668,13.38164
28,B,,,Buch,,1879-06-26,1924-08-08,,,,,,,,,,,,,Stettiner Bahn,,,Bu,,BBU,52.63670,13.49261
29,B,,,Buckower Chaussee,,1946-05-15,1946-05-15,,,,,,,,,,,,,Dresdener Bahn,,,Buc,,BBCH,52.41102,13.38262
30,B,Wilmersdorf-Friedenau,Wilmersdorf,Bundesplatz,,1892-05-01,1928-05-06,,,,,,,1980-09-18,,1993-12-17,,,,Ringbahn,,,Wl,,BBUP,52.47825,13.32931
31,B,,,Bürknersfelde,,,1984-12-20,,,,,,,,,,,,,Außenring,,,BBÜF,,BBKF,52.53928,13.53249
32,C,,,Charlottenburg,,1882-02-07,1928-06-11,,,,,,,,,,,,,Stadtbahn,,,Chb,,BCHS,52.50520,13.30260
33,D,Dahlwitz,,Dahlewitz,,1884-09-07,1940-10-06,,,,,,,1961-08-01,,,,,,Dresdener Bahn,,,Dt,,,52.32650,13.41960
34,D,,,Dreilinden,,1913-06-02,1928-07-10,,,,,,,1961-08-13,,,,,,Friedhofsbahn,,,Dr,,,52.40543,13.17660
35,D,,,Düppel,,1939-07-15,1948-06-15,,,,,,,1980-09-18,,,,,,Stammbahn,,,Dp,,,52.42124,13.22591
36,E,,,Ebersstraße,,1897-05-01,1928-11-06,,,,,,,1933-03-01,,,,,,Ringbahn,,,,,,52.47691,13.34916
37,E,Eichbornstraße,,Eichborndamm,,1894-10-01,1927-03-16,,,,,,,1984-01-09,,1995-05-28,,,,Kremmener Bahn,,,Ebs,,BEBD,52.57777,13.31665
38,E,,,Eichkamp,,1896-05-01,1928-06-06,,,,,,,1928-12-10,,,,,,Wetzlarer Bahn,,,,,,52.49666,13.27191
39,E,Schmöckwitz (Bude 18),,Eichwalde,,1874-06-01,1960-04-30,,,,,,,,,,,,,Görlitzer Bahn,,,Ew,,BEIW,52.37252,13.61512
40,E,,,Erkner,,1842-10-23,1928-06-11,,,,,,,1945-04-01,,1948-11-02,,,,Schlesischen Bahn,,,Erk,,BE,52.42869,13.75196
41,F,Seegefeld,,Falkensee,,1848-01-01,1951-08-14,,,,,,1961-10-09,1996-09-16,,,,1996-08-11,,Hamburger Bahn,,,Fks,,BFKS,52.55973,13.08982
42,F,,,Feuerbachstraße,,1933-05-15,1933-05-15,,,,,,,1980-09-18,,1985-02-01,,,,Wannseebahn,,,Fb,,BFB,52.46372,13.33234
43,F,Schönefeld,Zentralflughafen Schönefeld,Flughafen Berlin-Schönefeld,,1951-07-10,1962-02-26,,,,,,,,,,,,,Flughafen-S-Bahn,,,Fhs,Zhf,BFLH,52.39105,13.51409
44,F,Friedrichsberg,Stalinallee,Frankfurter Allee,,1872-05-01,1929-02-01,,,,,,,,,,,,,Ringbahn,,,Fal,Sta,BFA,52.51517,13.47461
45,F,,,Fredersdorf,,1872-09-15,1948-09-01,,,,,,,,,,,,,Ostbahn,,,Frd,Fro,BFD,52.52646,13.76116
46,F,,,Friedenau,,1874-11-01,1933-05-15,,,,,,,1980-09-18,,1985-02-01,,,,Wannseebahn,,,Frs,Fr,BFRU,52.47017,13.34061
47,F,,,Friedrichsfelde Ost,,1903-10-01,1928-11-06,,,,,,,,,,,,,Ostbahn,,,Fro,,BFFO,52.51399,13.52012
48,F,,,Friedrichshagen,,1842-10-23,1928-06-11,,,,,,,1945-04-01,,1948-04-30,,,,Schlesischen Bahn,,,Frh,,BFRH,52.45744,13.62500
49,F,,,Friedrichstraße (Nordsüd-S-Bahn),,1936-07-27,1936-07-27,,,,,,,1984-01-09,,1984-05-01,,,,Nordsüd-S-Bahntunnel,,,Friu,Fru,BFSTT,52.52053,13.38631
50,F,,,Friedrichstraße (Stadtbahn),,1882-02-07,1928-06-11,,,,,,,,,,,,,Stadtbahn,,,BFSTS,Fri,BFST,52.52017,13.38843
51,F,,,Frohnau,,1910-05-01,1925-06-05,,,,,,,1984-01-09,,1984-10-01,,,,Nordbahn,,,Foh,,BFOH,52.63280,13.29001
52,G,,,Gartenfeld,,1929-12-18,1929-12-18,,,,,,,1980-09-18,,,,,,Siemensbahn,,,Gtf,,BGTF,52.54808,13.24812
53,G,,,Gehrenseestraße,,1984-12-20,1984-12-20,,,,,,,,,,,,,Außenring,,,Gen,,BGSE,52.55640,13.52513
54,G,,,Gesundbrunnen,,1872-01-01,1929-02-01,,,,,,,1984-01-09,,1984-05-01,,,,Ringbahn,Stettiner Bahn,,Gs,,BGB,52.54889,13.38896
55,G,Weissensee,Ernst-Thälmann-Park,Greifswalder Straße,,1875-05-01,1929-02-01,,,,,,,,,,,,,Ringbahn,,,Gfb,Etp,BGSS,52.54063,13.43890
56,G,,,Griebnitzsee,,1874-06-01,1928-06-11,,,,,,1961-10-09,,,,1992-04-01,,,Berlin-Potsdamer Eisenbahn,,,Gbs,,BGRI,52.39499,13.12847
57,G,,,Grunewald,,1879-08-01,1928-06-11,,,,,,,1984-01-09,,1984-05-01,,,,Wetzlarer Bahn,,,Gd,,BGWD,52.48857,13.26159
58,G,,,Grünau,,1866-09-13,1928-11-06,,,,,,,,,,,,,Görlitzer Bahn,,,Ga,,BGAS,52.41328,13.57386
59,G,,,Grünbergallee,,1962-05-27,1962-05-27,,,,,,,,,,,,,Flughafen-S-Bahn,,,Gal,,BGBA,52.39936,13.54167
60,H,Börse,Marx-Engels-Platz,Hackescher Markt,,1882-02-07,1928-06-11,,,,,,,1994-10-17,,1996-10-21,,,,Stadtbahn,,,Hkm,Mep,BHKM,52.52280,13.40225
61,H,Grunewald,,Halensee,,1877-11-15,1928-11-06,,,,,,,1980-09-18,,1993-12-17,,,,Ringbahn,,,Hal,,BHAL,52.49670,13.29005
62,H,,,Heerstraße,,1909-11-01,1928-08-23,,,,,,,1980-09-19,,1998-01-16,,,,Spandauer Vorortbahn,,,Hst,,BHST,52.50838,13.25865
63,H,,,Hegermühle,,1984-10-05,1984-10-05,,,,,,,,,,,,,Ostbahn,,,Hgm,,BHGM,52.54896,13.86659
64,H,Schmargendorf,,Heidelberger Platz,,1883-12-15,1928-11-06,,,,,,,1980-09-18,,1993-12-17,,,,Ringbahn,,,Smf,,BHEI,52.48035,13.31185
65,H,Güterverkehr,,Heiligensee,,1893-10-01,1927-03-16,,,,,,,1984-01-08,,1998-12-15,,,,Kremmener Bahn,,,Hls,,BHLS,52.62493,13.22909
66,H,,,Hennigsdorf,,1893-10-01,1927-03-16,,,,,,1983-09-20,,,,1998-12-15,,,Kremmener Bahn,,,Hnd,,BHD,52.63948,13.20553
67,H,,,Hennigsdorf Nord,,1958-08-25,1958-08-25,,,,,,,1998-05-24,,,,,,Kremmener Bahn,,,Hdnu,Hdn,,52.66030,13.20386
68,H,,,Hermannstraße,,1899-02-01,1928-11-06,,,,,,,1980-09-18,,1993-12-17,,,,Ringbahn,,,Her,,BHER,52.46752,13.43139
69,H,,,Hermsdorf,,1877-07-10,1925-06-05,,,,,,,1984-01-09,,1984-10-01,,,,Nordbahn,,,Hed,Hf,BHED,52.61861,13.30730
70,H,,,Hirschgarten,,1894-05-01,1928-06-11,,,,,,,1945-04-01,,1948-04-30,,,,Schlesischen Bahn,,,Hir,Hi,BHI,52.45809,13.60263
71,H,,,Hohen Neuendorf,,1877-09-01,1925-06-05,,,,,,,,,,,,,Nordbahn,,,Hon,Hn,BHN,52.66993,13.28697
72,H,,,Hohen Neuendorf West,,1954-08-10,1954-08-10,,,,,,,,,,,,,Außenring,,,How,,BHOW,52.67259,13.27126
73,H,,,Hohenschönhausen,,1984-12-20,1984-12-20,,,,,,,,,,,,,Außenring,,,Hsh,,BHH,52.56652,13.51330
74,H,,,Hohenschöpping,,1938-04-13,1938-04-13,,,,,,1983-09-20,1998-05-24,,,,,,Kremmener Bahn,,,Hch,,,52.66950,13.19501
75,H,,,Hohenzollerndamm,,1910-11-01,1928-11-06,,,,,,,1980-09-18,,1993-12-17,,,,Ringbahn,,,HoS,Ho,BHO,52.48860,13.30082
76,H,,,Hoppegarten,,1870-05-01,1947-03-07,,,,,,,,,,,,,Ostbahn,,,Hpn,,BHPG,52.51835,13.67398
77,H,,,Humboldthain,,1935-01-31,1935-01-31,,,,,,,1984-01-09,,1984-05-01,,,,Stettiner Bahn,,,Hum,,BHUM,52.54449,13.37872
78,I,,,Innsbrucker Platz,,1933-07-01,1933-07-01,,,,,,,1980-09-18,,1993-12-17,,,,Ringbahn,,,IpS,Ip,BIP,52.47821,13.34207
79,J,,,Jannowitzbrücke,,1882-02-07,1928-06-11,,,,,,,1994-10-17,,1996-10-21,,,,Stadtbahn,,,Jan,,BJB,52.51433,13.41963
80,J,Kolonnenstraße,,Julius-Leber-Brücke,,1881-10-15,1929-04-18,,,,,,,1944-07-03,,2008-05-02,,,,Nordsüd-S-Bahn,,,Kl,,BJLB,52.48611,13.36074
81,J,,,Jungfernheide,,1894-05-01,1929-02-01,,,,,,,1980-09-18,,1997-04-15,,,,Ringbahn,,,Jun,,BJUN,52.53082,13.30053
82,K,Dalldorf (Cremmener Bahn),,Karl-Bonhoeffer-Nervenklinik,,1893-10-01,1927-03-16,,,,,,,1984-01-09,,1995-05-28,,,,Kremmener Bahn,,,Wik,,BKBO,52.57876,13.33284
83,K,,,Karlshorst,,1902-10-01,1928-06-11,,,,,,,1945-04-01,,,1948-01-05,,,Schlesischen Bahn,,,Kh,,BKLH,52.48107,13.52590
84,K,Carow,,Karow,,1882-11-15,1924-08-08,,,,,,,,,,,,,Stettiner Bahn,,,Kar,,BKRW,52.61495,13.46876
85,K,,,Kaulsdorf,,1869-08-25,1928-11-06,,,,,,,,,,,,,Ostbahn,,,Kd,,BKAD,52.51225,13.59064
86,K,,,Kohlhasenbrück,,1946-02-16,1946-02-16,,,,,,,1946-07-07,,,,,,Wetzlarer Bahn,,,Khb,,,52.40036,13.14442
87,K,,,Köllnische Heide,,1920-08-16,1928-11-06,,,,,,,1980-09-18,,1993-12-17,,,,Verbindungsbahn Neukölln - Baumschulenweg,,,Khd,,BKHD,52.46931,13.46717
88,K,,,Königs Wusterhausen,,1866-09-13,1951-04-30,,,,,,,,,,,,,Görlitzer Bahn,,,Kw,,BKWH,52.29684,13.63113
89,K,,,Köpenick,,1842-10-23,1928-06-11,,,,,,,1945-04-01,,,1948-01-05,,,Schlesischen Bahn,,,Kp,,BKPK,52.45887,13.57996
90,L,Leninallee,,Landsberger Allee,,1895-05-01,1929-02-01,,,,,,,,,,,,,Ringbahn,,,Lst,La,BLST,52.52927,13.45495
91,L,"Lankwitz, Victoriastraße",,Lankwitz,,1895-12-01,1929-07-02,1903-06-04,,,,,,1984-01-09,,1995-05-28,,,,Anhalter Bahn,,,Lak,,BLAK,52.43921,13.34244
92,L,,,Lehnitz,,1878-04-10,1925-10-05,,,,,,,,,,,,,Nordbahn,,,Len,,BLEN,52.74155,13.26309
93,L,Lehrter Bahnhof,,Lehrter Stadtbahnhof,,1882-02-07,1928-06-11,,,,,,,2002-06-22,,,,,,Stadtbahn,,,Leh,,,52.52490,13.36949
94,L,Lichtenberg-Friedrichsfelde,,Lichtenberg,,1881-01-01,1928-11-06,,,,,,,,,,,,,Ostbahn,,,Blo,,BLI,52.50959,13.49703
95,L,,,Lichtenrade,,1883-06-01,1939-05-01,,,,,,,,,,,,,Dresdener Bahn,,,Lrd,,BLRD,52.38757,13.39629
96,L,Lichterfelde,,Lichterfelde Ost,,1868-09-20,1929-07-02,1903-06-03,,,,,,1984-01-09,,1995-05-28,,,,Anhalter Bahn,,,Lio,,BLIO,52.43001,13.32835
97,L,Groß-Lichterfelde Süd,,Lichterfelde Süd,,1893-08-01,1943-08-09,,,,,,,1984-01-09,,1998-09-25,,,,Anhalter Bahn,,,Lis,,BLIS,52.41105,13.30863
98,L,Lichterfelde (Potsdamer Bahn),,Lichterfelde West,,1872-12-15,1933-05-15,,,,,,,1984-01-09,,1985-02-01,,,,Wannseebahn,,,Liw,,BLWE,52.44354,13.29378
99,M,,,Mahlow,,1875-06-17,1939-05-15,,,,,,,1961-09-01,,1992-08-31,,,,Dresdener Bahn,,,Mah,,BMAH,52.36027,13.40861
100,M,,,Mahlsdorf,,1895-09-01,1930-12-15,,,,,,,,,,,,,Ostbahn,,,Mal,,BMDF,52.51246,13.61187
101,M,,,Marienfelde,,1875-06-17,1939-05-15,,,,,,,,,,,,,Dresdener Bahn,,,MfS,Mf,BMF,52.42371,13.37483
102,M,,,Marzahn,,1898-05-01,1976-12-30,,,,,,,,,,,,,Wriezener Bahn,,,Mar,,BMAZ,52.54393,13.54148
103,M,Otto-Winzer-Straße,,Mehrower Allee,,1980-12-15,1980-12-15,,,,,,,,,,,,,Wriezener Bahn,,,Ow,,BMEA,52.55758,13.55343
104,M,Witzleben,,Messe Nord/ICC,,1916-04-01,1929-04-18,,,,,,,1980-09-18,,1993-12-17,,,,Ringbahn,,,Wln,Wz,BMN,52.50684,13.28300
105,M,Eichkamp,,Messe Süd/Eichkamp,,1928-08-23,1928-08-23,,,,,,,1980-09-18,,1998-01-16,,,,Spandauer Vorortbahn,,,Eich,Eic,BMS,52.49886,13.26989
106,M,Zehlendorf West,Lindenthaler Allee,Mexikoplatz,,1904-11-01,1933-05-15,,,,,,,1980-09-18,,1985-02-01,,,,Wannseebahn,,,Mex,Lda,BMEX,52.43710,13.23268
107,M,,,Mühlenbeck-Mönchmühle,,1984-09-02,1984-09-02,,,,,,,,,,,,,Außenring,,,Mkm,,BMM,52.65472,13.38666
108,N,,,Neuenhagen,,1867-10-01,1948-09-01,,,,,,,,,,,,,Ostbahn,,,Ng,,BNG,52.52091,13.69985
109,N,Rixdorf,,Neukölln,,1872-01-01,1928-11-06,,,,,,,1980-09-18,,1993-12-17,,,,Ringbahn,,,Nkn,,BNK,52.46960,13.44204
110,N,,,Nikolassee (Stadtbahn),,1902-05-01,1928-06-11,,,,,,,1984-01-09,,1984-05-01,,,,Wetzlarer Bahn,,,Nio,Ni,BNIS,52.43234,13.19302
111,N,,,Nikolassee (Wannseebahn),,1902-05-01,1933-05-15,,,,,,,1980-09-18,,1985-02-01,,,,Wannseebahn,,,Niu,Ni,BNIW,52.43116,13.19304
112,N,Stettiner Fernbahnhof,Stettiner Bahnhof,Nordbahnhof,,1936-07-27,1936-07-27,,,,,,1961-08-13,1984-01-09,,1990-09-01,,,,Nordsüd-S-Bahntunnel,,,Nob,Nou,BNB,52.53257,13.38785
113,N,Neu-Lichtenberg,,Nöldnerplatz,,1902-10-01,1928-11-06,,,,,,,,,,,,,Ostbahn,,,Nl,,BNPL,52.50381,13.48489
114,O,,,Oberspree,,1892-04-01,1929-02-01,,1903-08-15,,,,,,,,,,,Zweigbahn Schöneweide - Spindlersfeld,,,Osp,,BOSP,52.45257,13.53822
115,O,Rennbahn,Reichssportfeld,Olympiastadion,,1909-05-23,1928-08-23,,,,,,,1980-09-19,,1998-01-16,,,,Spandauer Vorortbahn,,,Ols,Rsf,BOLS,52.51222,13.24085
116,O,,,Oranienburg,,1877-07-10,1925-10-04,,,,,,,,,,,,,Nordbahn,,,Or,,BORB,52.75467,13.24855
117,O,,,Oranienburger Straße,,1936-07-27,1936-07-27,,,,,,1961-08-13,1984-01-09,,1990-09-01,,,,Nordsüd-S-Bahntunnel,,,Oru,,BORS,52.52520,13.39219
118,O,,,Osdorfer Straße,,1998-09-25,1998-09-25,,,,,,,,,,,,,Anhalter Bahn,,,,,BOSS,52.41840,13.31376
119,O,Frankfurter Bahnhof,Schlesischer Bahnhof,Ostbahnhof,,1842-10-23,1928-06-11,,,,,,,,,,,,,Stadtbahn,Ostbahn,Schlesischen Bahn,Osb,Bhf,BOSB,52.51065,13.43451
120,O,Stralau-Rummelsburg,,Ostkreuz,,1882-02-07,1928-11-06,,,,,,,1945-04-01,,1945-06-11,,,,Ostbahn,Ringbahn,Schlesischen Bahn,Ok,Sru,BOK,52.50334,13.46927
121,P,Pankow-Schönhausen,,Pankow,,1880-10-15,1924-08-08,,,,,,,,,,,,,Stettiner Bahn,,,Pk,,BPKW,52.56649,13.41051
122,P,,,Pankow-Heinersdorf,,1893-10-01,1924-08-08,,,,,,,,,,,,,Stettiner Bahn,,,Phd,,BPHD,52.57769,13.42877
123,P,,,Papestraße (Ringbahn),,1901-01-01,1928-11-06,,,,,,,1980-09-18,,1993-12-17,,,,Ringbahn,,,Par,,BPAPR,52.47676,13.36580
124,P,,,Papestraße (Vorortbahn),,1901-12-01,1929-07-02,1903-06-04,,,,,,,,,,,,Dresdener Bahn,,,Pav,,BPAPV,52.47645,13.36499
125,P,Giebelsee,,Petershagen Nord,,1944-08-01,1948-10-31,,,,,,,,,,,,,Ostbahn,,,Pen,Gl,BPEN,52.52923,13.78993
126,P,,,Pichelsberg,,1911-09-05,1928-08-23,,,,,,,1980-09-18,,1998-01-16,,,,Spandauer Vorortbahn,,,Pich,,BPIC,52.50995,13.22877
127,P,,,Plänterwald,,1956-06-03,1956-06-03,,,,,,,,,,,,,Görlitzer Bahn,,,Pw,,BPWA,52.47879,13.47361
128,P,Karl-Maron-Straße,,Poelchaustraße,,1979-09-28,1979-09-28,,,,,,,,,,,,,Wriezener Bahn,,,Km,,BPOE,52.53581,13.53554
129,P,Potsdam,Potsdam Stadt,Potsdam Hauptbahnhof,,1838-09-21,1928-06-11,,,,,,1961-10-09,,,,1992-04-01,,,Berlin-Potsdamer Eisenbahn,,,Pd,,BPDH,52.39168,13.06678
130,P,,,Potsdamer Platz,,1939-04-15,1939-04-15,,,,,,1961-08-13,1984-01-09,,1984-05-01,1992-03-01,,,Nordsüd-S-Bahntunnel,,,Pou,,BPOP,52.51039,13.37652
131,P,,,Prenzlauer Allee,,1892-05-01,1929-02-01,,,,,,,,,,,,,Ringbahn,,,Pre,,BPLA,52.54472,13.42677
132,P,,,Priesterweg,,1928-10-07,1929-07-02,1928-10-07,,,,,,,,,,,,Anhalter Bahn,Dresdener Bahn,,PrS,Pr,BPRS,52.45942,13.35605
133,R,,,Rahnsdorf,,1879-05-15,1928-06-11,,,,,,,1945-04-01,,1948-09-01,,,,Schlesischen Bahn,,,Rd,,BRD,52.45176,13.69138
134,R,,,Rangsdorf,,1875-06-17,1940-10-06,,,,,,,1961-09-12,,,,,,Dresdener Bahn,,,Rsf,,,52.29404,13.43105
135,R,Bruno-Leuschner-Straße,,Raoul-Wallenberg-Straße,,1980-12-15,1980-12-15,,,,,,,,,,,,,Wriezener Bahn,,,Bl,,BRW,52.55087,13.54762
136,R,Steglitz,,Rathaus Steglitz,,1839-06-13,1933-05-15,,,,,,,1980-09-18,,1985-05-01,,,,Wannseebahn,,,Stz,,BRST,52.45577,13.32268
137,R,Kietz-Rummelsburg,,Rummelsburg,,1882-01-01,1928-06-11,,,,,,,1945-04-01,,1948-01-05,,,,Schlesischen Bahn,,,Rg,,BRH,52.50196,13.47852
138,R,,,Röntgental,,1903-05-01,1924-08-08,,,,,,,,,,,,,Stettiner Bahn,,,Rön,,BRGT,52.64948,13.51428
139,S,,,Savignyplatz,,1896-08-01,1928-06-11,,,,,,,,,,,,,Stadtbahn,,,Sap,,BSAP,52.50531,13.31891
140,S,,,Schichauweg,,1990-12-01,1990-12-01,,,,,,,,,,,,,Dresdener Bahn,,,Sc,,BSC,52.39865,13.38929
141,S,,,Schlachtensee,,1874-06-01,1933-05-15,,,,,,,1980-09-18,,1985-02-01,,,,Wannseebahn,,,Sts,,BSLS,52.44010,13.21486
142,S,Schulzendorf-Heiligensee,,Schulzendorf,,1893-10-01,1927-03-16,,,,,,,1984-01-09,,1998-12-25,,,,Kremmener Bahn,,,Szf,,BSZF,52.61385,13.24560
143,S,,,Schöneberg (Ringbahn),,1933-03-01,1933-03-01,,,,,,,1980-09-18,,1993-12-17,,,,Ringbahn,,,Sgr,Sg,BSGRR,52.47925,13.35144
144,S,,,Schöneberg (Vorortbahn),,1933-03-01,1933-05-15,,,,,,,1980-09-18,,1985-02-01,,,,Wannseebahn,,,Sgv,Sg,BSGRV,52.47948,13.35208
145,S,Neuer Krug,,Schöneweide,,1868-05-23,1928-11-06,,,,,,,,,,,,,Görlitzer Bahn,,,Swp,Sw,BSW,52.45589,13.50983
146,S,,,Schönfließ,1953-05-01,1953-10-04,1961-11-19,,,,,,,,,,,,,Außenring,,,Sfl,,BSNF,52.66484,13.33998
147,S,,,Schönhauser Allee,,1879-08-01,1929-02-01,,,,,,,,,,,,,Ringbahn,,,Sal,,BSAL,52.54944,13.41368
148,S,Reinickendorf,Schönholz-Reinickendorf,Schönholz,,1877-07-10,1925-06-05,,,,,,,1984-01-09,,1984-10-01,,,,Nordbahn,,,Snl,,BSNH,52.57161,13.38096
149,S,,,Siemensstadt,,1929-12-18,1929-12-18,,,,,,,1980-09-18,,,,,,Siemensbahn,,,Ss,,,52.53928,13.26366
150,S,Fürstenbrunn,,Siemensstadt-Fürstenbrunn,,1905-06-01,1951-08-28,,,,,,,1980-09-18,,,,,,Lehrter Bahn,,,Füb,,,52.52780,13.26975
151,S,Kaiser-Friedrich-Straße,,Sonnenallee,,1912-10-01,1928-11-06,,,,,,,1980-09-18,,1997-12-18,,,,Ringbahn,,,So,,BSO,52.47287,13.45516
152,S,Spandau Vorortbahnhof,Spandau West,Spandau,,1910-07-15,1928-08-23,,,,,,,1980-09-19,,1998-12-30,,,,Spandauer Vorortbahn,Hamburger Bahn,,BSPD,Spw,BSPA,52.53475,13.19782
153,S,,,Spindlersfeld,,1892-04-01,1929-02-01,,1903-08-15,1906-03-01,,,,,,,,,,Zweigbahn Schöneweide - Spindlersfeld,,,Spf,,BSPF,52.44736,13.56154
154,S,,,Springpfuhl,,1976-12-30,1976-12-30,,,,,,,,,,,,,Außenring,,,Sgp,,BSPH,52.52594,13.53630
155,S,,,Staaken,,1900-08-15,1951-08-03,,,,,,,1980-09-17,,,,,,Lehrter Bahn,,,Sta,,,52.53783,13.14123
156,S,Stahnsdorf Friedhof,,Stahnsdorf,,1913-06-02,1928-07-10,,,,,,,1961-08-13,,,,,,Friedhofsbahn,,,Std,,,52.38959,13.19054
157,S,Stettiner Fernbahnhof,,Stettiner Vorortbahnhof,,1895-12-01,1924-08-08,,,,,,,1936-07-27,,,,,,Stettiner Bahn,,,Stb,,,52.53212,13.38805
158,S,Hennigsdorf Süd,,Stolpe Süd,,1954-06-04,1954-06-04,,,,,,,1961-08-14,,,,,,Kremmener Bahn,,,Sto,,,52.63240,13.21965
159,S,Central-Viehhof,,Storkower Straße,,1881-05-04,1929-02-01,,,,,,,1945-04-01,,1951-07-25,,,,Ringbahn,,,Sto,Cf,BSTO,52.52396,13.46459
160,S,,,Strausberg,,1867-10-01,1948-10-31,,,,,,,,,,,,,Ostbahn,,,St,,BSTV,52.53239,13.83356
161,S,,,Strausberg Nord,,1955-01-01,1956-06-03,,,,,,,,,,,,,Ostbahn,,,Stn,,BSTN,52.59065,13.90870
162,S,,,Strausberg Stadt,,1955-01-01,1956-06-03,,,,,,,,,,,,,Ostbahn,,,Str,,BSTR,52.57765,13.88801
163,S,Spandau,,Stresow,,1846-10-15,1928-08-23,,,,,,,1980-09-19,,1998-12-30,,,,Spandauer Vorortbahn,Hamburger Bahn,,Spd,,BSRW,52.53228,13.20926
164,S,,,Sundgauer Straße,,1934-07-01,1934-07-01,,,,,,,1980-09-18,,1985-02-01,,,,Wannseebahn,,,Sdg,,BSDG,52.43649,13.27370
165,S,,,Südende,,1880-08-15,1929-07-02,1903-06-04,,,,,,1984-01-09,,1995-05-28,,,,Anhalter Bahn,,,Sds,Sd,BSDE,52.44905,13.35389
166,S,Papestraße,,Südkreuz (Ringbahnsteig),,2005-04-05,2005-04-05,,,,,,,,,,,,,Anhalter Bahn,Dresdener Bahn,Ringbahn,,,BSKR,52.47632,13.36440
167,S,Papestraße,,Südkreuz (Vorortbahnsteig),,2004-06-07,2004-06-07,,,,,,,,,,,,,Anhalter Bahn,Dresdener Bahn,Ringbahn,,,BSKV,52.47571,13.36524
168,T,,,Tegel,,1893-10-01,1927-03-16,,,,,,,1984-01-09,,1995-05-28,,,,Kremmener Bahn,,,Tgl,,BTG,52.58850,13.28946
169,T,,,Teltow,,1901-10-01,1951-07-07,,,,,,1961-08-13,,,,,,,Anhalter Bahn,,,Tlo,,,52.38927,13.29963
170,T,,,Teltow Stadt,,2005-02-25,2005-02-25,,,,,,,,,,,,,Anhalter Bahn,,,,,BTLS,52.39715,13.27732
171,T,,,Tempelhof,,1872-01-01,1928-11-06,,,,,,,1980-09-18,,1993-12-17,,,,Ringbahn,,,Tf,,BTHF,52.47104,13.38461
172,T,,,Tiergarten,,1885-01-05,1928-06-11,,,,,,,1994-10-30,,1996-11-11,,,,Stadtbahn,,,TgS,Tg,BTGN,52.51463,13.33648
173,T,Treptow,,Treptower Park,,1875-02-01,1928-11-06,,,,,,,,,,,,,Ringbahn,,,Tw,,BTP,52.49406,13.46151
174,V,,,Velten,,1893-10-01,1927-03-16,,,,,,1983-09-20,,,,,,,Kremmener Bahn,,,Vlt,,,52.68498,13.17206
175,W,,,Waidmannslust,,1884-05-20,1925-06-05,,,,,,,1984-01-09,,1986-12-22,,,,Nordbahn,,,Wai,,BWAI,52.60667,13.32094
176,W,Wannensee,,Wannsee,,1874-06-01,1928-06-11,,,,,,,1980-09-18,,1985-02-01,,,,Wetzlarer Bahn,Wannseebahn,,Ws,,BWSS,52.42147,13.17889
177,W,,,Warschauer Straße,,1884-08-11,1928-11-06,,,,,,,,,,,,,Stadtbahn,Schlesischen Bahn,,Wrs,,BWRS,52.50663,13.45007
178,W,,,Wartenberg,,1985-12-20,1985-12-20,,,,,,,,,,,,,Außenring,,,Wtb,,BWAB,52.57339,13.50434
179,W,,,Wedding,,1872-05-01,1929-02-01,,,,,,,1980-09-18,,2002-06-15,,,,Ringbahn,,,Wed,,BWED,52.54273,13.36658
180,W,,,Wernerwerk,,1929-12-18,1929-12-18,,,,,,,1980-09-18,,,,,,Siemensbahn,,,Ww,,,52.53486,13.27615
181,W,Charlottenburg-Westend,,Westend,,1877-11-15,1929-02-01,,,,,,,1980-09-18,,1993-12-17,,,,Ringbahn,,,Wes,,BWES,52.51856,13.28435
182,W,Putlitzstraße,,Westhafen,,1898-10-01,1929-02-01,,,,,,,1980-09-18,,1999-12-19,,,,Ringbahn,,,Put,,BWH,52.53640,13.34405
183,W,Ausstellung,,Westkreuz (Ringbahn),,1928-12-10,1929-04-18,,,,,,,1980-09-18,,1993-12-17,,,,Ringbahn,,,Wkr,Wk,BWKRR,52.50102,13.28359
184,W,Ausstellung,,Westkreuz (Stadtbahn),,1928-12-10,1928-12-10,,,,,,,1984-01-09,,1984-05-01,,,,Stadtbahn,,,Wkv,Wk,BWRKV,52.50077,13.28405
185,W,,,Wildau,,1899-06-19,1951-04-30,,,,,,,,,,,,,Görlitzer Bahn,,,Wi,,BWI,52.31923,13.63364
186,W,Neu-Rahnsdorf,,Wilhelmshagen,,1882-11-15,1928-06-11,,,,,,,1945-04-01,,1948-11-02,,,,Schlesischen Bahn,,,Wil,,BWIG,52.43922,13.72122
187,W,Rosenthal,,Wilhelmsruh,,1877-07-10,1925-06-05,,,,,,,1984-01-09,,1984-10-01,,,,Nordbahn,,,Wm,,BWM,52.58165,13.36245
188,W,Dalldorf,,Wittenau (Nordbahn),,1877-07-10,1925-06-05,,,,,,,1984-01-09,,1984-10-01,,,,Nordbahn,,,Win,,BWIN,52.59652,13.33559
189,W,Pankow Nordbahn,,Wollankstraße,,1877-07-10,1925-06-05,,,,,,,1984-01-09,,1984-10-01,,,,Nordbahn,,,Wo,,BWOK,52.56582,13.39111
190,W,,,Wuhletal,,1989-07-01,1989-07-01,,,,,,,,,,,,,Ostbahn,,,Wt,,BWT,52.51279,13.57526
191,W,Sadowa,,Wuhlheide,,1877-01-01,1928-06-11,,,,,,,1945-04-01,,1948-01-05,,,,Schlesischen Bahn,,,Wu,,BWHH,52.46936,13.55334
192,Y,,,Yorckstraße,,1903-05-01,1929-07-02,1903-06-04,,,,,,,,,,,,Dresdener Bahn,,,Yor,,BYOR,52.49183,13.37224
193,Y,Großgörschenstraße,,Yorckstraße (Großgörschenstraße),,1891-10-01,1939-10-09,,,,,,,1980-09-18,,1985-02-01,,,,Nordsüd-S-Bahn,,,Gör,,BGGS,52.49281,13.36819
194,Z,Zehlendorf Mitte,,Zehlendorf,,1838-09-22,1933-05-15,,,,,,,1980-09-18,,1985-02-01,,,,Stammbahn,Wannseebahn,,Zfm,,BZD,52.43118,13.25870
195,Z,,,Zehlendorf Süd,,1972-12-20,1972-12-20,,,,,,,1980-09-18,,,,,,Stammbahn,,,Zfs,,,52.42533,13.23922
196,Z,,,Zepernick,,1881-09-01,1924-08-08,,,,,,,,,,,,,Stettiner Bahn,,,Zep,,BZEP,52.65954,13.53302
197,Z,Hankels Ablage Bude 21,,Zeuthen,,1868-05-24,1951-04-30,,,,,,,,,,,,,Görlitzer Bahn,,,Zn,,BZTH,52.34940,13.62702
198,Z,,,Zoologischer Garten,,1882-02-07,1928-06-11,,,,,,,,,,,,,Stadtbahn,,,Zoo,,BZOS,52.50736,13.33235
,,,,,,,,,,,,,,,,,,,,,,,,,,,
,,,,,,,,,,,,,,,,,,,,,,,,,,,
,,,,,,,,,,,,,,,,,,,,,,,,,,,
,,,,,,,,,,,,,,,,,,,,,,,,,,,
,,,,,,,,,,,,,,,,,,,,,,,,,,,
,,,,,,,,,,,,,,,,,,,,,,,,,,,
,,,,,,,,,,,,,,,,,,,,,,,,,,,
,,,,,,,,,,,,,,,,,,,,,,,,,,,
,,,,,,,,,,,,,,,,,,,,,,,,,,,
,,,,,,,,,,,,,,,,,,,,,,,,,,,
,,,,,,,,,,,,,,,,,,,,,,,,,,,
,,,,,,,,,,,,,,,,,,,,,,,,,,,
,,,,,,,,,,,,,,,,,,,,,,,,,,,
,,,,,,,,,,,,,,,,,,,,,,,,,,,
,,,,,,,,,,,,,,,,,,,,,,,,,,,
,,,,,,,,,,,,,,,,,,,,,,,,,,,
,,,,,,,,,,,,,,,,,,,,,,,,,,,
,,,,,,,,,,,,,,,,,,,,,,,,,,,
,,,,,,,,,,,,,,,,,,,,,,,,,,,
,,,,,,,,,,,,,,,,,,,,,,,,,,,
,,,,,,,,,,,,,,,,,,,,,,,,,,,
,,,,,,,,,,,,,,,,,,,,,,,,,,,
,,,,,,,,,,,,,,,,,,,,,,,,,,,
,,,,,,,,,,,,,,,,,,,,,,,,,,,
,,,,,,,,,,,,,,,,,,,,,,,,,,,
,,,,,,,,,,,,,,,,,,,,,,,,,,,
,,,,,,,,,,,,,,,,,,,,,,,,,,,
,,,,,,,,,,,,,,,,,,,,,,,,,,,
,,,,,,,,,,,,,,,,,,,,,,,,,,,
,,,,,,,,,,,,,,,,,,,,,,,,,,,
,,,,,,,,,,,,,,,,,,,,,,,,,,,
,,,,,,,,,,,,,,,,,,,,,,,,,,,
,,,,,,,,,,,,,,,,,,,,,,,,,,,
,,,,,,,,,,,,,,,,,,,,,,,,,,,
,,,,,,,,,,,,,,,,,,,,,,,,,,,
,,,,,,,,,,,,,,,,,,,,,,,,,,,
,,,,,,,,,,,,,,,,,,,,,,,,,,,
,,,,,,,,,,,,,,,,,,,,,,,,,,,
,,,,,,,,,,,,,,,,,,,,,,,,,,,
,,,,,,,,,,,,,,,,,,,,,,,,,,,
,,,,,,,,,,,,,,,,,,,,,,,,,,,
,,,,,,,,,,,,,,,,,,,,,,,,,,,
,,,,,,,,,,,,,,,,,,,,,,,,,,,
,,,,,,,,,,,,,,,,,,,,,,,,,,,
,,,,,,,,,,,,,,,,,,,,,,,,,,,
,,,,,,,,,,,,,,,,,,,,,,,,,,,
,,,,,,,,,,,,,,,,,,,,,,,,,,,
,,,,,,,,,,,,,,,,,,,,,,,,,,,
,,,,,,,,,,,,,,,,,,,,,,,,,,,
,,,,,,,,,,,,,,,,,,,,,,,,,,,
,,,,,,,,,,,,,,,,,,,,,,,,,,,
,,,,,,,,,,,,,,,,,,,,,,,,,,,
,,,,,,,,,,,,,,,,,,,,,,,,,,,
,,,,,,,,,,,,,,,,,,,,,,,,,,,
,,,,,,,,,,,,,,,,,,,,,,,,,,,
,,,,,,,,,,,,,,,,,,,,,,,,,,,
,,,,,,,,,,,,,,,,,,,,,,,,,,,
,,,,,,,,,,,,,,,,,,,,,,,,,,,
,,,,,,,,,,,,,,,,,,,,,,,,,,,
,,,,,,,,,,,,,,,,,,,,,,,,,,,
,,,,,,,,,,,,,,,,,,,,,,,,,,,
,,,,,,,,,,,,,,,,,,,,,,,,,,,
,,,,,,,,,,,,,,,,,,,,,,,,,,,
,,,,,,,,,,,,,,,,,,,,,,,,,,,
,,,,,,,,,,,,,,,,,,,,,,,,,,,
,,,,,,,,,,,,,,,,,,,,,,,,,,,
,,,,,,,,,,,,,,,,,,,,,,,,,,,
,,,,,,,,,,,,,,,,,,,,,,,,,,,
,,,,,,,,,,,,,,,,,,,,,,,,,,,
,,,,,,,,,,,,,,,,,,,,,,,,,,,
,,,,,,,,,,,,,,,,,,,,,,,,,,,
,,,,,,,,,,,,,,,,,,,,,,,,,,,
,,,,,,,,,,,,,,,,,,,,,,,,,,,
,,,,,,,,,,,,,,,,,,,,,,,,,,,
,,,,,,,,,,,,,,,,,,,,,,,,,,,
,,,,,,,,,,,,,,,,,,,,,,,,,,,
,,,,,,,,,,,,,,,,,,,,,,,,,,,
,,,,,,,,,,,,,,,,,,,,,,,,,,,
,,,,,,,,,,,,,,,,,,,,,,,,,,,
,,,,,,,,,,,,,,,,,,,,,,,,,,,
,,,,,,,,,,,,,,,,,,,,,,,,,,,
,,,,,,,,,,,,,,,,,,,,,,,,,,,
,,,,,,,,,,,,,,,,,,,,,,,,,,,
,,,,,,,,,,,,,,,,,,,,,,,,,,,
,,,,,,,,,,,,,,,,,,,,,,,,,,,
,,,,,,,,,,,,,,,,,,,,,,,,,,,
,,,,,,,,,,,,,,,,,,,,,,,,,,,
,,,,,,,,,,,,,,,,,,,,,,,,,,,
,,,,,,,,,,,,,,,,,,,,,,,,,,,
,,,,,,,,,,,,,,,,,,,,,,,,,,,
,,,,,,,,,,,,,,,,,,,,,,,,,,,
,,,,,,,,,,,,,,,,,,,,,,,,,,,
,,,,,,,,,,,,,,,,,,,,,,,,,,,
,,,,,,,,,,,,,,,,,,,,,,,,,,,
,,,,,,,,,,,,,,,,,,,,,,,,,,,
,,,,,,,,,,,,,,,,,,,,,,,,,,,
,,,,,,,,,,,,,,,,,,,,,,,,,,,
,,,,,,,,,,,,,,,,,,,,,,,,,,,
,,,,,,,,,,,,,,,,,,,,,,,,,,,
,,,,,,,,,,,,,,,,,,,,,,,,,,,
,,,,,,,,,,,,,,,,,,,,,,,,,,,
,,,,,,,,,,,,,,,,,,,,,,,,,,,
